scorer,,,Gerald,Gerald,Gerald,Gerald,Gerald,Gerald,Gerald,Gerald,Gerald,Gerald,Gerald,Gerald
bodyparts,,,righteye,righteye,lefteye,lefteye,nose,nose,mouth,mouth,leftear,leftear,rightear,rightear
coords,,,x,y,x,y,x,y,x,y,x,y,x,y
labeled-data,dog3&4,boson1687364163_979773574.png,263.1248881047385,210.3999089604919,276.2790791031175,221.67492981624537,248.09152696373388,224.4936850301837,257.48737767686174,240.46663124250114,311.04372674169065,216.9770044596814,282.856174602307,188.78945232029778
labeled-data,dog3&4,dog3&4 (1).png,459.4981680091111,167.17899568010367,479.2294545066797,165.29982553747809,495.2024007189971,182.21235682110827,482.98779479193087,199.12488810473846,,,421.91476515659963,169.05816582272922
labeled-data,dog3&4,dog3&4 (10).png,513.9941021452528,183.15194189242106,,,535.6045587854469,194.4269627481745,531.8462185001957,212.27907910311745,,,469.8336037935518,179.3936016071699
labeled-data,dog3&4,dog3&4 (112).png,246.21235682110827,201.9436433186768,272.5207388178663,200.06447317605122,266.8832283899896,218.85617460230694,258.42696274817456,233.88953574331157,219.90397482435023,186.9102821776722,,
labeled-data,dog3&4,dog3&4 (113).png,246.21235682110824,200.06447317605122,273.4603238891791,200.06447317605122,269.70198360392794,217.9165895309942,260.3061328908001,230.13119545806043,,,224.60190018091413,189.72903739161055
labeled-data,dog3&4,dog3&4 (114).png,244.33318667848266,199.12488810473843,273.4603238891791,201.00405824736401,267.8228134613024,219.79575967361976,257.4873776768617,233.88953574331157,,,227.42065539485256,183.15194189242104
labeled-data,dog3&4,dog3&4 (12).png,513.9941021452528,182.21235682110824,,,532.7858035715086,194.4269627481745,530.906633428883,211.3394940318047,,,472.6523590074902,179.3936016071699
labeled-data,dog3&4,dog3&4 (122).png,245.27277174979545,199.12488810473843,275.33949403180463,196.30613289080006,267.8228134613024,220.73534474493255,250.91028217767217,231.07078052937322,,,215.20604946778627,185.9706971063594
labeled-data,dog3&4,dog3&4 (123).png,246.21235682110824,199.12488810473843,275.3394940318047,195.3665478194873,262.18530303342567,218.85617460230696,263.12488810473843,233.88953574331163,,,223.66231510960137,185.9706971063594
labeled-data,dog3&4,dog3&4 (124).png,246.21235682110824,197.24571796211285,273.4603238891791,198.18530303342567,268.7623985326152,218.85617460230696,260.3061328908001,233.88953574331163,,,224.60190018091413,180.33318667848266
labeled-data,dog3&4,dog3&4 (125).png,285.67492981624537,191.60820753423613,,,313.862481955629,205.7019836039279,295.0707805293732,224.49368503018368,261.24571796211285,171.8769210366676,,
labeled-data,dog3&4,dog3&4 (129).png,288.49368503018377,190.66862246292337,,,314.8020670269418,210.39990896049193,302.58746109987555,225.43327010149653,,,263.1248881047385,176.57484639323152
labeled-data,dog3&4,dog3&4 (130).png,282.85617460230696,191.6082075342362,296.010365600686,192.54779260554895,306.3458013851267,213.21866417443024,287.55409995887095,231.0707805293732,,,255.60820753423616,173.75609117929315
labeled-data,dog3&4,dog3&4 (138).png,276.2790791031175,196.30613289080006,298.8291208146244,192.5477926055489,305.4062163138139,214.158249245743,287.55409995887095,229.1916103867476,252.7894523202978,173.75609117929315,,
labeled-data,dog3&4,dog3&4 (139).png,281.9165895309942,195.36654781948727,296.9499506719988,191.6082075342361,301.64787602856273,214.158249245743,291.3124402441221,227.31244024412203,,,262.1853030334256,170.93733596535478
labeled-data,dog3&4,dog3&4 (142).png,281.9165895309942,194.42696274817447,301.64787602856273,194.42696274817453,305.4062163138139,210.39990896049193,286.61451488755813,231.07078052937325,,,251.849867248985,174.69567625060594
labeled-data,dog3&4,dog3&4 (144).png,196.4143480415305,149.3268793251607,272.5207388178663,155.90397482435023,229.29982553747806,203.8228134613024,227.42065539485247,242.3458013851267,319.4999923835057,143.68936889728397,,
labeled-data,dog3&4,dog3&4 (145).png,198.29351818415608,154.02480468172462,259.36654781948727,162.4810703235397,228.3602404661653,199.12488810473843,227.42065539485247,239.52704617118832,314.80206702694176,141.81019875465833,,
labeled-data,dog3&4,dog3&4 (148).png,198.29351818415608,153.08521961041183,265.9436433186768,153.0852196104118,233.05816582272922,203.82281346130236,224.60190018091413,242.34580138512666,311.9833118130034,132.4143480415305,,
labeled-data,dog3&4,dog3&4 (156).png,295.0707805293732,229.19161038674764,323.2583326687569,229.19161038674764,300.7082909572499,243.28538645643948,309.164556599065,259.25833266875685,339.2312788810742,215.09783431705583,289.43327010149653,208.52073881786632
labeled-data,dog3&4,dog3&4 (157).png,293.19161038674764,225.43327010149648,321.37916252613127,230.1311954580604,300.7082909572499,242.34580138512663,308.22497152775225,257.37916252613127,342.0500340950126,212.27907910311743,289.4332701014965,202.88322838998957
labeled-data,dog3&4,dog3&4 (158).png,289.25721484080736,220.56436610229002,317.4142953373856,228.9072047679429,294.4714890068404,238.2928982668023,295.514343840047,250.80715626528152,342.442811334344,213.26438226984388,290.30006967401397,201.7929791045712
labeled-data,dog3&4,dog3&4 (163).png,278.15824924574304,215.09783431705586,297.88953574331157,221.67492981624537,272.52073881786635,235.76870588593715,278.15824924574304,247.9833118130034,336.4125236671359,213.21866417443027,291.31244024412206,194.42696274817453
labeled-data,dog3&4,dog3&4 (164).png,277.2186641744303,215.09783431705586,296.01036560068604,221.67492981624537,266.8832283899896,235.76870588593715,274.39990896049187,246.10414167037783,331.714598310572,214.15824924574306,291.3124402441221,194.42696274817453
labeled-data,dog3&4,dog3&4 (165).png,274.39990896049187,216.97700445968144,294.13119545806046,221.67492981624537,264.06447317605125,234.8291208146244,266.8832283899896,247.9833118130034,331.71459831057194,213.21866417443027,288.4936850301837,193.48737767686174
labeled-data,dog3&4,dog3&4 (166).png,273.4603238891791,216.03741938836865,290.3728551728093,222.61451488755813,262.18530303342567,235.76870588593715,267.82281346130236,246.10414167037783,327.9562580253208,214.15824924574306,287.55409995887095,188.78945232029778
labeled-data,dog3&4,dog3&4 (167).png,272.52073881786635,216.97700445968144,289.4332701014965,221.67492981624537,261.24571796211285,234.8291208146244,269.70198360392794,248.92289688431617,325.13750281138243,213.21866417443027,289.4332701014965,192.54779260554895
labeled-data,dog3&4,dog3&4 (169).png,,,288.4936850301837,220.73534474493258,258.4269627481745,235.76870588593715,265.004058247364,247.9833118130034,325.13750281138243,212.27907910311748,286.61451488755813,192.54779260554895
labeled-data,dog3&4,dog3&4 (171).png,265.2715536770555,217.43580160267027,288.21436000760076,223.69293060190984,256.92871501140274,235.16433376718248,268.40011817667533,249.7643014320749,326.799988836245,217.4358016026703,285.08579550798095,191.36443077250522
labeled-data,dog3&4,dog3&4 (172).png,265.2715536770555,215.35009193625706,289.25721484080736,224.73578543511644,254.84300534498954,234.12147893397588,265.2715536770555,248.72144659886828,329.9285533358648,216.3929467694637,280.91437617515453,191.36443077250522
labeled-data,dog3&4,dog3&4 (18).png,302.5874610998756,217.9165895309942,323.2583326687569,216.97700445968144,327.016672954008,235.7687058859372,313.862481955629,247.9833118130034,,,269.701983603928,202.8832283899896
labeled-data,dog3&4,dog3&4 (180).png,,,282.85617460230696,218.856174602307,251.849867248985,228.25202531543488,256.54779260554886,241.40621631381384,321.37916252613127,217.91658953099423,286.61451488755813,191.60820753423616
labeled-data,dog3&4,dog3&4 (182).png,,,280.9770044596814,216.03741938836865,249.9706971063594,227.31244024412206,253.72903739161058,240.46663124250108,319.4999923835057,216.97700445968144,287.55409995887095,190.66862246292337
labeled-data,dog3&4,dog3&4 (19).png,303.5270461711883,219.79575967361978,325.1375028113825,217.9165895309942,328.8958430966336,239.52704617118832,317.62082224088016,252.68123716956734,,,269.701983603928,208.52073881786635
labeled-data,dog3&4,dog3&4 (190).png,277.2186641744303,217.91658953099423,278.15824924574304,216.97700445968144,248.0915269637338,224.4936850301837,252.78944873606517,239.52704617118835,318.5604037279603,220.73534474493258,292.25202173120226,188.78945232029778
labeled-data,dog3&4,dog3&4 (191).png,,,278.1582456615105,216.9770044596814,248.09152337950124,221.67492981624534,251.84986366475235,238.58746109987553,320.43957387058583,221.67492981624534,290.3728515885766,187.849867248985
labeled-data,dog3&4,dog3&4 (192).png,,,280.037415804136,215.09783431705588,247.1519383081884,221.67492981624534,255.60820395000349,236.70829095724994,319.49998879927307,218.85617460230705,292.25202173120226,187.849867248985
labeled-data,dog3&4,dog3&4 (193).png,,,282.85617101807435,216.03741938836865,249.03110845081397,217.91658953099417,251.84986366475238,235.76870588593712,319.49998879927307,223.55409995887098,287.5540963746383,188.78945232029778
labeled-data,dog3&4,dog3&4 (197).png,,,301.6478724443301,190.66862246292337,268.76239494838256,188.78945232029778,277.21866059019766,209.46032388917908,337.3521051542161,208.52073881786637,307.28538287220687,171.8769210366676
labeled-data,dog3&4,dog3&4 (198).png,,,303.5270425869557,191.60820753423616,272.5207352336337,191.60820753423616,279.0978307328232,210.3999089604919,339.23127529684166,207.58115374655355,307.28538287220687,171.8769210366676
labeled-data,dog3&4,dog3&4 (199).png,,,306.34579780089405,194.4269627481745,278.1582456615104,194.4269627481745,279.0978307328232,210.3999089604919,343.9292006534056,206.6415686752408,308.22496794351963,172.8165061079804
labeled-data,dog3&4,dog3&4 (2).png,460.437753080424,167.17899568010367,480.16903957799246,164.3602404661653,486.74613507718203,184.09152696373386,476.4106992927413,204.76239853261518,,,421.91476515659963,169.05816582272922
labeled-data,dog3&4,dog3&4 (20).png,309.16455659906507,220.73534474493255,329.8354281679464,222.61451488755813,332.65418338188476,244.2249715277523,323.2583326687569,253.62082224088016,,,272.52073881786635,207.58115374655353
labeled-data,dog3&4,dog3&4 (200).png,,,308.22496794351963,194.4269627481745,280.037415804136,197.24571796211288,283.79575608938717,210.39990896049196,341.1104454394672,205.70198360392797,309.16455301483245,172.8165061079804
labeled-data,dog3&4,dog3&4 (201).png,,,311.9833082287708,198.1853030334257,284.73534116069993,201.00405824736404,287.5540963746383,214.15824924574306,344.86878572471835,202.88322838998963,306.34579780089405,172.8165061079804
labeled-data,dog3&4,dog3&4 (205).png,299.7687023017046,192.54779260554898,325.1374992271499,200.06447317605125,305.4062127295813,209.46032388917916,303.5270425869557,220.7353447449326,348.6271260099696,197.2457179621129,299.7687023017046,175.6352613219188
labeled-data,dog3&4,dog3&4 (206).png,303.5270425869557,198.18530303342567,326.07708429846264,202.88322838998965,308.2249679435197,213.21866417443027,307.28538287220687,224.49368503018377,346.747955867344,196.3061328908001,300.70828737301736,177.51443146454437
labeled-data,dog3&4,dog3&4 (207).png,304.4666276582685,199.1248881047385,330.77500965502657,202.88322838998965,313.86247837139643,216.9770044596815,313.8624783713964,226.37285517280935,348.6271260099696,196.3061328908001,299.7687023017046,179.3936016071699
labeled-data,dog3&4,dog3&4 (208).png,308.2249679435197,201.00405824736407,331.7145947263394,205.701983603928,318.5604037279603,217.91658953099426,316.6812335853348,227.31244024412212,347.68754093865675,194.4269627481745,299.7687023017046,182.2123568211083
labeled-data,dog3&4,dog3&4 (209).png,310.10413808614527,201.94364331867683,335.4729350115905,204.76239853261518,321.3791589418987,219.79575967361984,321.3791589418987,228.25202531543488,348.6271260099696,194.4269627481745,299.7687023017046,181.27277174979548
labeled-data,dog3&4,dog3&4 (21).png,317.62082224088016,223.55409995887095,333.5937684531976,223.55409995887095,339.2312788810743,245.16455659906507,327.016672954008,260.1979177400697,279.09783431705586,206.64156867524076,,
labeled-data,dog3&4,dog3&4 (210).png,311.9833082287708,201.00405824736407,337.3521051542161,205.701983603928,325.1374992271499,219.79575967361984,324.19791415583705,230.13119545806046,347.68754093865675,195.36654781948732,301.6478724443302,184.09152696373388
labeled-data,dog3&4,dog3&4 (211).png,313.8624783713964,202.88322838998965,337.3521051542161,206.64156867524076,327.0166693697754,222.6145148875582,325.1374992271499,232.01036560068604,347.68754093865675,194.4269627481745,301.6478724443302,183.15194189242106
labeled-data,dog3&4,dog3&4 (212).png,315.74164851402196,203.82281346130242,339.23127529684166,206.64156867524076,326.07708429846264,222.6145148875582,327.0166693697754,235.7687058859372,349.56671108128234,194.4269627481745,303.5270425869557,185.03111203504665
labeled-data,dog3&4,dog3&4 (213).png,315.74164851402196,202.88322838998965,342.05003051078,207.58115374655358,330.77500965502657,225.43327010149653,328.895839512401,234.8291208146244,348.6271260099696,196.3061328908001,302.58745751564294,184.09152696373388
labeled-data,dog3&4,dog3&4 (214).png,319.4999887992731,205.701983603928,342.05003051078,208.52073881786635,329.8354245837138,223.55409995887095,329.8354245837138,232.94995067199886,347.68754093865675,195.36654781948732,306.3457978008941,183.15194189242106
labeled-data,dog3&4,dog3&4 (215).png,319.4999887992731,207.58115374655358,343.9292006534056,209.46032388917916,332.65417979765215,225.43327010149653,329.8354245837138,234.8291208146244,347.68754093865675,196.3061328908001,307.28538287220687,183.15194189242106
labeled-data,dog3&4,dog3&4 (22).png,318.560407312193,227.3124402441221,335.4729385958231,227.3124402441221,343.9292042376382,248.9228968843162,333.5937684531976,260.1979177400697,,,283.7957596736198,208.52073881786635
labeled-data,dog3&4,dog3&4 (222).png,323.25832908452423,211.33949403180475,344.8687857247184,211.33949403180475,340.1708603681545,228.25202531543488,336.4125200829033,238.58746109987555,,,305.4062127295813,185.97069710635947
labeled-data,dog3&4,dog3&4 (223).png,323.2583290845243,209.46032388917916,346.747955867344,211.33949403180475,338.2916902255289,228.25202531543488,336.4125200829033,235.7687058859372,,,308.2249679435197,187.849867248985
labeled-data,dog3&4,dog3&4 (224).png,321.3791589418987,209.46032388917916,346.747955867344,211.33949403180475,338.2916902255289,225.43327010149653,336.4125200829033,235.7687058859372,,,307.28538287220687,186.91028217767223
labeled-data,dog3&4,dog3&4 (23).png,319.49999238350574,231.07078052937325,339.2312788810743,228.2520253154349,348.6271295942022,253.62082224088013,336.41252366713593,263.0166729540081,286.6145148875582,214.15824924574306,,
labeled-data,dog3&4,dog3&4 (236).png,358.02297672309743,233.88953574331163,380.57301843460436,236.70829095724997,375.8750930780404,255.49999238350574,376.8146781493532,267.714598310572,,,334.53334994027773,219.79575967361984
labeled-data,dog3&4,dog3&4 (237).png,356.14380658047185,236.70829095724997,382.4521885772299,235.7687058859372,375.8750930780404,257.3791625261313,375.8750930780404,267.714598310572,,,333.59376486896497,218.85617460230702
labeled-data,dog3&4,dog3&4 (238).png,360.84173193703583,259.2583326687569,384.3313587198555,260.19791774006967,380.57301843460436,282.7479594515766,371.17716772147645,292.14381016470446,,,336.4125200829033,237.6478760285628
labeled-data,dog3&4,dog3&4 (239).png,361.78131700834854,261.1375028113825,384.3313587198555,260.19791774006967,380.57301843460436,282.7479594515766,373.9959229354148,293.0833952360173,,,336.4125200829033,239.52704617118837
labeled-data,dog3&4,dog3&4 (24).png,330.7750132392592,232.01036560068601,344.868789308951,232.01036560068601,347.68754452288937,258.31874759744414,337.3521087384487,266.77501323925924,,,292.2520253154349,209.46032388917914
labeled-data,dog3&4,dog3&4 (240).png,362.72090207966136,258.3187475974441,384.3313587198555,260.19791774006967,382.4521885772299,281.8083743802638,374.9355080067276,291.2042250933917,,,335.4729350115905,237.6478760285628
labeled-data,dog3&4,dog3&4 (244).png,358.9625617944102,258.3187475974441,384.3313587198555,260.19791774006967,380.57301843460436,279.92920423763826,376.8146781493532,291.2042250933917,,,333.59376486896497,236.70829095724997
labeled-data,dog3&4,dog3&4 (245).png,360.8417319370358,259.2583326687569,384.3313587198555,259.2583326687569,382.4521885772299,282.7479594515766,371.17716772147645,294.02298030733004,,,336.4125200829033,236.70829095724997
labeled-data,dog3&4,dog3&4 (246).png,360.8417319370358,259.2583326687569,384.3313587198555,259.2583326687569,381.5126035059171,282.7479594515766,373.9959229354148,292.14381016470446,,,333.59376486896497,235.7687058859372
labeled-data,dog3&4,dog3&4 (247).png,293.1916068025151,190.6686224629234,319.4999887992731,192.54779260554898,308.2249679435197,217.91658953099426,306.3457978008941,230.13119545806046,330.77500965502657,173.7560911792932,268.76239494838256,171.87692103666757
labeled-data,dog3&4,dog3&4 (25).png,331.71459831057194,238.58746109987558,347.68754452288937,232.94995067199883,350.50629973682777,265.8354281679464,339.2312788810743,270.53335352451035,,,295.0707805293732,216.03741938836862
labeled-data,dog3&4,dog3&4 (254).png,,,262.18529944919305,208.52073881786635,239.63525773768617,235.7687058859372,252.7894487360652,248.92289688431623,296.9499470877662,186.91028217767223,,
labeled-data,dog3&4,dog3&4 (255).png,,,262.18529944919305,209.46032388917916,238.69567266637335,235.7687058859372,249.9706935221268,246.10414167037789,296.9499470877662,185.03111203504665,,
labeled-data,dog3&4,dog3&4 (256).png,,,265.0040546631314,208.52073881786635,238.69567266637335,237.6478760285628,252.7894487360652,247.98331181300347,295.0707769451406,184.09152696373388,,
labeled-data,dog3&4,dog3&4 (257).png,,,264.06446959181864,205.701983603928,238.69567266637335,237.6478760285628,256.54778902131636,247.04372674169065,296.9499470877662,185.97069710635947,,
labeled-data,dog3&4,dog3&4 (26).png,336.4125236671359,239.5270461711883,350.5062997368277,238.58746109987553,354.2646400220789,264.8958430966336,342.0500340950126,275.2312788810743,329.83542816794636,198.18530303342567,309.16455659906507,218.856174602307
labeled-data,dog3&4,dog3&4 (260).png,,,264.06446959181864,210.39990896049193,239.63525773768617,237.6478760285628,254.66861887869078,247.98331181300347,297.889532159079,185.03111203504665,,
labeled-data,dog3&4,dog3&4 (261).png,350.5062961525951,177.51443146454437,,,379.63343336329154,198.18530303342567,367.4188274362253,212.2790791031175,,,309.16455301483245,172.8165061079804
labeled-data,dog3&4,dog3&4 (266).png,350.5062961525951,175.6352613219188,,,379.6334333632915,197.2457179621129,370.23758265016363,212.2790791031175,,,311.04372315745803,168.11858075141646
labeled-data,dog3&4,dog3&4 (267).png,352.3854662952207,177.51443146454437,,,378.6938482919788,197.2457179621129,366.4792423649125,212.2790791031175,,,310.10413808614527,169.99775089404204
labeled-data,dog3&4,dog3&4 (27).png,340.1708639523871,242.3458013851267,,,356.14381016470446,267.71459831057194,342.9896191663254,279.9292042376382,332.65418338188476,199.12488810473843,309.16455659906507,217.9165895309942
labeled-data,dog3&4,dog3&4 (274).png,,,186.07890867285724,151.20604946778627,151.31426103428407,161.54148525222695,156.01218639084803,182.21235682110824,225.54148166799433,155.90397482435026,,
labeled-data,dog3&4,dog3&4 (28).png,344.86878930895097,247.0437267416906,,,357.0833952360172,269.5937684531975,341.11044902369986,278.9896191663254,328.8958430966336,200.06447317605125,314.80206702694176,223.5540999588709
labeled-data,dog3&4,dog3&4 (282).png,,,186.07890867285724,149.32687932516072,148.49550582034573,159.6623151096014,155.07260131953524,178.45401653585716,225.54148166799433,155.90397482435026,,
labeled-data,dog3&4,dog3&4 (283).png,251.84986366475238,150.2664643964735,282.8561710180744,151.20604946778633,268.76239494838256,164.36024046616532,268.76239494838256,183.1519418924211,297.889532159079,158.72273003828863,232.11857716718384,147.44770918253516
labeled-data,dog3&4,dog3&4 (29).png,343.9292042376382,245.16455659906507,,,362.720905663894,272.41252366713593,348.62712959420213,281.8083743802638,334.5333535245103,204.76239853261518,316.68123716956734,224.4936850301837
labeled-data,dog3&4,dog3&4 (295).png,254.66861887869078,152.1456345390991,282.8561710180744,152.14563453909912,269.7019800196954,168.1185807514165,265.9436397344442,184.09152696373388,296.9499470877662,155.90397482435029,227.42065181061992,154.96438975303747
labeled-data,dog3&4,dog3&4 (296).png,358.02297672309743,178.4540165358572,,,386.21052886248106,194.4269627481746,370.2375826501637,212.27907910311757,,,320.4395738705859,170.9373359653549
labeled-data,dog3&4,dog3&4 (297).png,358.9625617944102,179.39360160716996,,,388.08969900510664,196.30613289080014,373.9959229354148,211.3394940318048,,,324.19791415583705,169.0581658227293
labeled-data,dog3&4,dog3&4 (3).png,460.4377530804239,169.05816582272925,480.16903957799246,164.3602404661653,491.44406043374596,185.03111203504665,485.80655000586916,203.8228134613024,,,424.733520370538,166.23941060879088
labeled-data,dog3&4,dog3&4 (30).png,346.74795945157655,245.16455659906507,,,359.90215044995557,269.5937684531975,345.8083743802638,280.86878930895097,328.8958430966336,203.82281346130236,321.37916252613127,221.67492981624537
labeled-data,dog3&4,dog3&4 (31).png,296.010365600686,222.61451488755813,319.4999923835057,218.85617460230696,316.68123716956734,238.5874610998755,310.1041416703778,251.74165209825458,,,265.9436433186768,214.15824924574304
labeled-data,dog3&4,dog3&4 (313).png,342.9896155820928,183.15194189242112,,,371.17716772147645,200.0644731760513,355.2042215091591,218.85617460230708,,,300.7082873730174,180.3331866784828
labeled-data,dog3&4,dog3&4 (314).png,342.05003051078,184.0915269637339,,,370.2375826501637,200.0644731760513,354.26463643784626,217.91658953099432,,,296.9499470877662,176.5748463932316
labeled-data,dog3&4,dog3&4 (32).png,295.0707805293732,220.73534474493255,317.62082224088016,216.97700445968144,316.68123716956734,238.5874610998755,311.0437267416906,254.56040731219292,,,268.7623985326152,213.21866417443027
labeled-data,dog3&4,dog3&4 (326).png,328.895839512401,173.75609117929324,,,356.14380658047185,189.72903739161063,352.3854662952207,201.9436433186769,,,290.3728515885767,174.69567625060603
labeled-data,dog3&4,dog3&4 (327).png,327.0166693697754,170.9373359653549,,,354.26463643784626,186.9102821776723,351.4458812239079,201.9436433186769,,,288.49368144595115,171.87692103666768
labeled-data,dog3&4,dog3&4 (328).png,325.1374992271499,169.9977508940421,,,348.6271260099696,185.9706971063595,344.8687857247184,203.82281346130247,,,287.55409637463833,170.9373359653549
labeled-data,dog3&4,dog3&4 (329).png,321.3791589418987,168.11858075141652,346.747955867344,168.11858075141652,349.56671108128234,184.0915269637339,343.9292006534056,201.00405824736413,,,287.55409637463833,173.75609117929324
labeled-data,dog3&4,dog3&4 (330).png,,,248.09152337950127,231.07078052937328,243.39359802293728,257.3791625261313,253.72903380737796,265.8354281679464,286.61451130332557,198.18530303342573,,
labeled-data,dog3&4,dog3&4 (331).png,,,249.03110845081403,230.13119545806046,241.5144278803117,256.43957745481856,251.84986366475238,265.8354281679464,287.55409637463833,197.24571796211293,,
labeled-data,dog3&4,dog3&4 (332).png,,,249.03110845081403,232.01036560068604,241.5144278803117,255.49999238350574,255.60820395000354,264.89584309663366,287.55409637463833,194.4269627481746,,
labeled-data,dog3&4,dog3&4 (333).png,,,250.9102785934396,232.01036560068604,242.45401295162452,255.49999238350574,253.72903380737796,267.714598310572,287.55409637463833,196.30613289080014,,
labeled-data,dog3&4,dog3&4 (334).png,,,249.03110845081403,231.07078052937328,241.5144278803117,255.49999238350574,255.60820395000354,267.714598310572,288.4936814459511,197.24571796211293,,
labeled-data,dog3&4,dog3&4 (335).png,,,251.84986366475238,231.07078052937328,241.5144278803117,255.49999238350574,254.66861887869078,266.77501323925924,285.67492623201275,196.30613289080014,,
labeled-data,dog3&4,dog3&4 (336).png,,,249.03110845081403,232.01036560068604,243.39359802293728,253.62082224088016,254.66861887869078,265.8354281679464,288.4936814459511,196.30613289080014,,
labeled-data,dog3&4,dog3&4 (337).png,,,249.9706935221268,232.01036560068604,241.5144278803117,253.62082224088016,255.60820395000354,266.77501323925924,288.4936814459511,197.24571796211293,,
labeled-data,dog3&4,dog3&4 (338).png,,,250.9102785934396,230.13119545806046,245.27276816556287,256.43957745481856,256.54778902131636,266.77501323925924,288.4936814459511,196.30613289080014,,
labeled-data,dog3&4,dog3&4 (339).png,438.8272928559972,67.58297812094824,498.9607374200156,67.58297812094824,473.59194049457034,106.10596604477254,470.77318528063194,141.81019875465847,530.9066298446503,75.09965869145054,393.7272094329834,69.4621482635738
labeled-data,dog3&4,dog3&4 (340).png,439.76687792730996,65.70380797832266,503.65866277657955,70.40173333488661,473.59194049457034,103.28721083083417,469.8336002093192,143.68936889728406,533.7253850585887,79.79758404801447,393.7272094329834,78.85799897670165
labeled-data,dog3&4,dog3&4 (341).png,442.5856331412483,67.58297812094824,503.65866277657955,68.52256319226105,477.3502807798215,99.52887054558303,467.01484499538077,144.62895396859685,529.9670447733376,73.22048854882496,393.7272094329834,77.91841390538889
labeled-data,dog3&4,dog3&4 (35).png,296.010365600686,218.85617460230696,321.37916252613127,217.9165895309942,321.37916252613127,236.70829095724997,311.9833118130034,250.80206702694176,,,267.82281346130236,212.27907910311745
labeled-data,dog3&4,dog3&4 (361).png,180.44139824498052,174.695676250606,284.7353411607,171.87692103666765,237.7560875950606,233.88953574331163,234.9373323811222,293.0833952360173,341.11044543946724,136.17268832678172,140.97882524984342,144.6289539685968
labeled-data,dog3&4,dog3&4 (362).png,177.62264303104214,174.695676250606,276.2790755188849,173.75609117929324,226.4810667393071,232.01036560068604,228.36023688193268,292.14381016470446,335.4729350115905,137.11227339809452,132.52255960802833,145.56853903990955
labeled-data,dog3&4,dog3&4 (363).png,172.92471767447822,178.45401653585716,270.64156509100815,175.6352613219188,218.024801097492,232.01036560068604,218.96438616880482,287.44588480814053,325.1374992271499,130.535177898905,129.70380439408996,145.56853903990955
labeled-data,dog3&4,dog3&4 (364).png,162.58928189003754,173.7560911792932,262.18529944919305,175.6352613219188,217.08521602617924,232.94995067199886,216.14563095486648,291.2042250933917,318.5604037279603,136.17268832678172,118.42878353833652,146.50812411122234
labeled-data,dog3&4,dog3&4 (365).png,163.52886696135033,175.6352613219188,256.5477890213163,175.6352613219188,210.50812052698973,238.58746109987555,206.74978024173856,290.26464002207894,319.4999887992731,139.9310286120329,116.54961339571094,144.62895396859676
labeled-data,dog3&4,dog3&4 (366).png,,,137.22048496459226,103.28721083083408,29.168201763621653,134.29351818415608,29.168201763621667,198.18530303342567,278.1582456615105,104.22679590214693,,
labeled-data,dog3&4,dog3&4 (367).png,,,127.82463425146437,100.46845561689574,25.4098614783705,134.29351818415608,22.591106264432142,200.0644731760512,273.4603203049465,101.40804068820859,,
labeled-data,dog3&4,dog3&4 (37).png,280.9770044596814,237.64787602856273,303.5270461711883,235.76870588593715,302.58746109987555,252.68123716956734,294.13119545806046,267.71459831057194,314.80206702694176,220.73534474493255,253.72903739161058,223.5540999588709
labeled-data,dog3&4,dog3&4 (370).png,,,131.58297453671554,101.40804068820853,15.07442569392984,135.23310325546888,22.591106264432142,200.0644731760512,277.21866059019766,101.40804068820859,,
labeled-data,dog3&4,dog3&4 (371).png,,,124.06629396621324,98.58928547427016,14.134840622617048,129.59559282759216,32.92654204887282,201.94364331867678,261.2457143778803,97.6497004029574,,
labeled-data,dog3&4,dog3&4 (372).png,,,128.76421932277717,97.64970040295736,14.134840622617048,131.47476297021774,21.65152119311935,195.3665478194873,275.3394904475721,88.25384968982954,,
labeled-data,dog3&4,dog3&4 (375).png,,,224.6018965966815,108.92472125871086,123.12670889490045,144.62895396859676,109.97251789652142,204.76239853261524,349.56671108128234,111.74347647264923,,
labeled-data,dog3&4,dog3&4 (376).png,,,222.722726454056,110.80389140133641,119.36836860964931,149.3268793251607,121.24753875227486,214.1582492457431,355.2042215091591,104.22679590214693,,
labeled-data,dog3&4,dog3&4 (380).png,200.17268474254905,107.04555111608528,299.7687023017046,119.26015704315154,253.72903380737796,161.54148525222698,233.05816223849666,224.49368503018377,373.9959229354148,111.74347647264923,152.25384610559686,95.77053026033181
labeled-data,dog3&4,dog3&4 (381).png,204.87061009911298,106.10596604477249,307.28538287220687,117.38098690052595,252.7894487360652,161.54148525222698,249.9706935221268,222.6145148875582,371.17716772147645,107.0455511160853,152.25384610559686,91.07260490376788
labeled-data,dog3&4,dog3&4 (382).png,220.8435563114304,109.86430633002362,311.04372315745803,116.44140182921319,263.1248845205059,160.60190018091419,260.30612930656747,228.25202531543493,387.1501139337939,110.80389140133644,150.3746759629713,92.95177504639346
labeled-data,dog3&4,dog3&4 (39).png,279.09783431705586,237.64787602856273,303.5270461711883,235.76870588593715,297.8895357433116,254.56040731219292,293.1916103867477,266.7750132392591,310.1041416703778,217.91658953099417,250.91028217767223,225.4332701014965
labeled-data,dog3&4,dog3&4 (390).png,244.3331830942501,115.50181675790037,342.9896155820928,119.26015704315154,298.8291172303918,159.66231510960142,300.70828737301736,222.6145148875582,398.4251347895473,114.56223168658761,166.34762217528868,102.34762575952132
labeled-data,dog3&4,dog3&4 (397).png,205.8101951704258,228.25202531543493,314.8020634427092,232.01036560068604,251.84986366475238,311.87509666227305,247.15193830818845,370.1293710836659,378.6938482919788,161.541485252227,167.28720724660147,149.32687932516072
labeled-data,dog3&4,dog3&4 (398).png,207.68936531305138,226.37285517280935,311.9833082287708,229.1916103867477,251.84986366475238,298.72090566389403,249.9706935221268,357.91476515659963,389.0292840764194,160.6019001809142,165.40803710397591,145.56853903990958
labeled-data,dog3&4,dog3&4 (399).png,208.62895038436415,215.09783431705586,316.6812335853348,220.7353447449326,248.09152337950127,309.99592651964747,253.72903380737796,361.6731054418508,388.08969900510664,156.84355989566305,163.52886696135033,148.38729425384793
labeled-data,dog3&4,dog3&4 (40).png,280.97700445968144,236.70829095724994,302.58746109987555,237.64787602856276,301.6478760285628,256.43957745481845,292.2520253154349,268.6541833818847,311.04372674169065,221.6749298162453,250.91028217767223,223.5540999588709
labeled-data,dog3&4,dog3&4 (400).png,212.3872906696153,222.6145148875582,312.9228933000836,225.43327010149653,249.9706935221268,300.60007580651956,254.66861887869078,367.31061586972754,387.1501139337939,151.20604946778633,164.46845203266312,143.689368897284
labeled-data,dog3&4,dog3&4 (405).png,203.93102502780022,216.03741938836868,306.3457978008941,221.67492981624542,235.876917452435,296.84173552126845,241.51442788031176,361.6731054418508,391.8480392903578,164.36024046616535,164.46845203266312,143.689368897284
labeled-data,dog3&4,dog3&4 (406).png,497.08156727739,211.3394940318048,,,588.2213191947305,280.8687893089511,540.3024805577784,341.0022338729695,445.4043883551867,84.49550940457843,389.9688691477322,114.56223168658761
labeled-data,dog3&4,dog3&4 (423).png,416.27725114449026,191.60820753423624,,,525.2691194167737,261.13750281138255,479.22945092244703,319.3917772327754,410.6397407166135,86.37467954720398,289.4332665172639,100.4684556168958
labeled-data,dog3&4,dog3&4 (424).png,407.82098550267517,190.66862246292345,471.7127703519448,178.45401653585722,510.2357582757691,257.3791625261314,468.8940151380064,314.69385187621145,411.57932578792634,81.67675419064005,281.9165859467616,103.28721083083414
labeled-data,dog3&4,dog3&4 (425).png,407.82098550267517,190.66862246292345,467.01484499538077,180.33318667848278,513.9940985610201,253.62082224088022,472.6523554232576,317.5126070901498,410.6397407166135,82.61633926195285,276.2790755188849,110.80389140133644
labeled-data,dog3&4,dog3&4 (426).png,406.8814004313624,190.66862246292345,461.3773345675041,178.45401653585722,508.3565881331435,256.4395774548186,463.2565047101297,309.0563414483347,406.8814004313624,80.73716911932726,271.5811501623209,103.28721083083411
labeled-data,dog3&4,dog3&4 (43).png,279.09783431705586,240.46663124250108,304.46663124250114,234.82912081462433,298.8291208146244,254.56040731219292,290.3728551728093,266.7750132392591,310.1041416703779,219.7957596736198,248.09152696373388,225.43327010149653
labeled-data,dog3&4,dog3&4 (431).png,250.9102785934396,183.1519418924211,342.05003051078,174.69567625060603,332.65417979765215,240.46663124250114,324.19791415583705,308.1167563770219,344.8687857247184,93.89136011770628,169.16637738922705,103.28721083083411
labeled-data,dog3&4,dog3&4 (432).png,240.57484280899894,180.33318667848272,331.7145947263394,170.9373359653549,324.19791415583705,238.58746109987555,305.4062127295813,301.5396608778324,332.65417979765215,99.528870545583,146.61633567772014,110.80389140133641
labeled-data,dog3&4,dog3&4 (433).png,229.2998219532455,175.6352613219188,327.0166693697754,170.9373359653549,310.10413808614527,240.46663124250117,304.4666276582685,302.47924594914514,330.7750096550265,99.528870545583,147.55592074903296,108.92472125871083
labeled-data,dog3&4,dog3&4 (442).png,172.92471767447822,177.51443146454437,269.7019800196954,174.695676250606,224.60189659668157,231.07078052937325,222.722726454056,298.720905663894,317.6208186566476,124.89766747102829,120.30795368096213,119.26015704315151
labeled-data,dog3&4,dog3&4 (443).png,168.22679231791426,175.6352613219188,263.1248845205059,172.81650610798042,221.78314138274317,232.01036560068604,214.2664608122409,296.84173552126845,316.6812335853348,126.77683761365384,122.18712382358765,120.19974211446427
labeled-data,dog3&4,dog3&4 (447).png,157.8913565334736,198.1853030334257,254.66861887869078,201.94364331867683,180.44139824498052,252.6812371695674,184.19973853023166,325.0292876606521,345.80837079603117,165.29982553747814,136.28089989327947,154.96438975303744
labeled-data,dog3&4,dog3&4 (448).png,154.13301624822245,197.2457179621129,261.2457143778803,203.82281346130242,175.74347288841656,254.56040731219298,187.01849374417003,325.0292876606521,339.23127529684166,160.6019001809142,140.03924017853063,154.96438975303744
labeled-data,dog3&4,dog3&4 (449).png,154.13301624822245,197.2457179621129,253.72903380737796,201.00405824736407,175.74347288841656,258.31874759744414,182.3205683876061,321.2709473754009,343.9292006534056,158.72273003828863,136.28089989327947,152.14563453909906
labeled-data,dog3&4,dog3&4 (457).png,147.55592074903294,160.60190018091419,246.21235323687569,162.48107032353977,173.864302745791,213.21866417443033,174.8038878171038,278.0500340950127,331.7145947263394,117.38098690052595,131.58297453671554,108.92472125871083
labeled-data,dog3&4,dog3&4 (458).png,144.73716553509456,160.60190018091419,237.7560875950606,161.54148525222698,168.22679231791426,222.6145148875582,173.864302745791,280.868789308951,334.53334994027773,112.68306154396203,133.46214467934112,107.04555111608525
labeled-data,dog3&4,dog3&4 (459).png,143.79758046378177,155.90397482435026,238.69567266637335,157.7831449669758,163.52886696135033,210.39990896049193,168.22679231791426,273.35210873844875,326.07708429846264,121.13932718577712,132.52255960802833,107.98513618739804
labeled-data,dog3&4,dog3&4 (460).png,139.09965510721784,154.02480468172465,239.63525773768617,157.7831449669758,160.71011174741196,208.52073881786635,163.52886696135033,274.2916938097615,325.1374992271499,114.56223168658761,128.76421932277717,107.98513618739804
labeled-data,dog3&4,dog3&4 (461).png,139.09965510721784,156.843559895663,235.876917452435,156.84355989566302,157.8913565334736,206.64156867524076,163.52886696135033,276.1708639523871,332.65417979765215,114.56223168658761,125.94546410883882,107.04555111608525
labeled-data,dog3&4,dog3&4 (462).png,138.16007003590505,157.78314496697578,236.81650252374777,159.6623151096014,156.01218639084803,211.33949403180475,159.7705266760992,278.0500340950127,327.0166693697754,118.32057197183875,126.88504918015161,100.46845561689574
labeled-data,dog3&4,dog3&4 (463).png,135.3413148219667,159.66231510960137,229.2998219532455,157.7831449669758,150.3746759629713,215.09783431705586,159.7705266760992,276.1708639523871,330.77500965502657,113.62264661527482,127.82463425146437,107.04555111608525
labeled-data,dog3&4,dog3&4 (464).png,135.3413148219667,159.66231510960137,230.23940702455826,160.60190018091419,150.3746759629713,216.03741938836868,164.46845203266312,277.11044902369986,325.1374992271499,120.19974211446433,131.58297453671554,104.22679590214688
labeled-data,dog3&4,dog3&4 (465).png,135.3413148219667,152.14563453909906,226.4810667393071,154.02480468172467,150.3746759629713,209.46032388917916,164.46845203266312,277.11044902369986,327.9562544410882,114.56223168658761,125.94546410883882,106.10596604477246
labeled-data,dog3&4,dog3&4 (466).png,133.46214467934112,154.96438975303744,227.42065181061992,157.7831449669758,145.67675060640735,208.52073881786635,159.7705266760992,273.35210873844875,325.1374992271499,116.44140182921319,125.94546410883882,106.10596604477246
labeled-data,dog3&4,dog3&4 (467).png,137.22048496459226,157.78314496697578,226.4810667393071,158.7227300382886,146.61633567772014,213.21866417443033,154.13301624822245,278.0500340950127,321.3791589418987,116.44140182921319,127.82463425146437,104.22679590214688
labeled-data,dog3&4,dog3&4 (468).png,131.58297453671554,154.02480468172465,227.42065181061992,158.7227300382886,143.79758046378177,206.64156867524076,156.95177146216082,273.35210873844875,327.9562544410882,115.5018167579004,128.76421932277717,101.40804068820853
labeled-data,dog3&4,dog3&4 (47).png,277.2186641744303,234.82912081462442,298.8291208146244,233.8895357433116,296.94995067199886,252.68123716956737,294.13119545806046,268.65418338188476,305.4062163138139,217.9165895309942,245.27277174979548,224.4936850301837
labeled-data,dog3&4,dog3&4 (477).png,248.0915233795012,128.6560077562794,348.6271260099696,125.83725254234105,319.4999887992731,162.4810703235398,312.9228933000836,224.49368503018377,369.29799757885087,100.4684556168958,174.80388781710377,105.1663809734597
labeled-data,dog3&4,dog3&4 (498).png,222.722726454056,154.96438975303747,312.9228933000836,153.0852196104119,264.06446959181864,205.701983603928,269.7019800196954,243.28538645643954,380.5730184346043,92.9517750463935,181.3809833162933,115.50181675790037
labeled-data,dog3&4,dog3&4 (5).png,459.4981680091111,170.9373359653548,480.16903957799246,164.3602404661653,491.44406043374596,183.15194189242106,488.62530521980756,201.94364331867678,,,419.0960099426612,169.05816582272922
labeled-data,dog3&4,dog3&4 (50).png,274.3999089604919,237.64787602856273,296.9499506719988,234.8291208146244,301.64787602856273,259.25833266875685,286.61451488755813,268.65418338188476,304.46663124250114,215.09783431705583,245.27277174979548,224.4936850301837
labeled-data,dog3&4,dog3&4 (51).png,276.2790791031175,237.64787602856273,300.70829095725,237.64787602856273,304.46663124250114,215.09783431705583,296.01036560068604,260.19791774006967,288.4936850301837,269.5937684531975,246.21235682110824,224.4936850301837
labeled-data,dog3&4,dog3&4 (521).png,172.92471767447822,191.6082075342362,249.9706935221268,189.7290373916106,181.3809833162933,249.86248195562905,191.71641910073396,297.7813205925812,352.3854662952207,107.9851361873981,172.92471767447822,133.35393311284332
labeled-data,dog3&4,dog3&4 (522).png,,,252.7894487360652,185.03111203504668,183.26015345891886,252.6812371695674,186.07890867285724,297.7813205925812,355.2042215091591,113.62264661527482,166.3476221752887,128.6560077562794
labeled-data,dog3&4,dog3&4 (523).png,,,249.9706935221268,188.7894523202978,187.01849374417003,250.8020670269418,196.41434445729791,295.9021504499556,355.2042215091591,112.68306154396203,172.92471767447822,129.59559282759218
labeled-data,dog3&4,dog3&4 (524).png,176.68305795972935,188.7894523202978,256.5477890213163,181.2727717497955,186.07890867285724,250.8020670269418,198.2935145999235,294.02298030733004,354.26463643784626,110.80389140133644,177.62264303104214,129.59559282759218
labeled-data,dog3&4,dog3&4 (525).png,178.56222810235494,184.09152696373388,254.66861887869078,184.09152696373388,188.8976638867956,254.56040731219298,197.3539295286107,292.14381016470446,348.6271260099696,123.9580823997155,174.80388781710377,133.35393311284332
labeled-data,dog3&4,dog3&4 (526).png,177.62264303104214,187.84986724898502,254.66861887869078,186.91028217767226,186.07890867285724,246.10414167037789,200.17268474254905,294.02298030733004,359.902146865723,115.5018167579004,172.92471767447822,128.6560077562794
labeled-data,dog3&4,dog3&4 (53).png,281.9165895309942,240.46663124250114,302.58746109987555,237.64787602856273,,,291.31244024412206,274.2916938097615,315.7416520982545,216.03741938836862,249.9706971063594,225.43327010149648
labeled-data,dog3&4,dog3&4 (541).png,,,,,,,,,,,428.4918570715565,126.77683761365387
labeled-data,dog3&4,dog3&4 (548).png,376.8146781493532,109.86430633002365,452.921068925689,110.80389140133647,445.4043883551867,151.20604946778636,437.8877077846844,191.60820753423624,,,314.8020634427092,111.74347647264923
labeled-data,dog3&4,dog3&4 (55).png,278.15824924574304,246.1041416703778,311.9833118130034,244.22497152775222,310.10414167037777,268.6541833818847,298.82912081462433,282.74795945157655,311.9833118130034,218.85617460230696,256.5477926055489,228.25202531543485
labeled-data,dog3&4,dog3&4 (553).png,342.9896155820928,98.58928547427021,419.0960063584286,97.64970040295745,395.6063795756089,139.9310286120329,389.9688691477322,175.63526132191882,,,291.3124366598895,113.62264661527482
labeled-data,dog3&4,dog3&4 (554).png,336.4125200829033,95.77053026033184,409.70015564530075,96.71011533164466,375.8750930780404,138.0518584694073,372.11675279278927,167.17899568010372,,,286.6145113033255,113.62264661527482
labeled-data,dog3&4,dog3&4 (57).png,288.4936850301837,249.86248195562897,320.4395774548185,247.98331181300338,311.9833118130034,273.3521087384487,302.5874610998755,285.56671466551495,317.6208222408801,220.73534474493255,263.12488810473843,232.01036560068601
labeled-data,dog3&4,dog3&4 (580).png,,,274.3999053762593,104.22679590214693,,,,,373.9959229354148,105.16638097345972,,
labeled-data,dog3&4,dog3&4 (581).png,,,276.2790755188849,101.40804068820859,,,,,373.9959229354148,101.40804068820859,,
labeled-data,dog3&4,dog3&4 (582).png,,,277.21866059019766,104.22679590214693,,,,,366.4792423649125,98.58928547427021,,
labeled-data,dog3&4,dog3&4 (583).png,,,269.7019800196954,106.10596604477249,,,,,361.7813170083486,93.89136011770628,,
labeled-data,dog3&4,dog3&4 (584).png,,,260.30612930656747,107.04555111608528,,,,,362.72090207966136,92.0121899750807,,
labeled-data,dog3&4,dog3&4 (585).png,,,259.3665442352547,106.10596604477249,,,,,354.26463643784626,90.13301983245512,,
labeled-data,dog3&4,dog3&4 (586).png,,,254.66861887869078,107.04555111608528,,,,,351.4458812239079,86.37467954720395,,
labeled-data,dog3&4,dog3&4 (587).png,,,251.84986366475238,108.92472125871086,,,,,359.902146865723,99.528870545583,,
labeled-data,dog3&4,dog3&4 (588).png,,,247.15193830818845,109.86430633002362,,,,,358.9625617944102,106.10596604477252,,
labeled-data,dog3&4,dog3&4 (589).png,,,241.5144278803117,112.683061543962,,,,,344.8687857247184,106.10596604477252,,
labeled-data,dog3&4,dog3&4 (59).png,297.88953574331157,250.80206702694178,323.2583326687569,254.56040731219292,321.37916252613127,278.98961916632544,311.9833118130034,291.20422509339164,325.13750281138243,223.55409995887095,267.8228134613024,232.01036560068604
labeled-data,dog3&4,dog3&4 (590).png,,,238.69567266637335,113.62264661527479,,,,,351.4458812239079,95.77053026033184,,
labeled-data,dog3&4,dog3&4 (591).png,,,237.7560875950606,113.62264661527479,,,,,337.3521051542161,95.77053026033184,,
labeled-data,dog3&4,dog3&4 (592).png,,,238.69567266637335,116.44140182921316,,,,,333.5937648689649,93.89136011770628,,
labeled-data,dog3&4,dog3&4 (593).png,340.1708603681545,176.5748463932316,372.11675279278927,176.5748463932316,358.02297672309743,196.30613289080014,358.02297672309743,216.9770044596815,379.63343336329154,172.81650610798044,313.8624783713964,175.63526132191882
labeled-data,dog3&4,dog3&4 (594).png,342.9896155820928,176.5748463932316,370.2375826501637,177.5144314645444,359.902146865723,193.4873776768618,360.8417319370358,213.2186641744304,379.63343336329154,174.69567625060603,311.04372315745803,180.33318667848275
labeled-data,dog3&4,dog3&4 (60).png,302.58746109987555,254.56040731219292,330.7750132392591,255.49999238350574,325.13750281138243,277.11044902369986,315.7416520982546,291.20422509339164,327.0166729540081,225.4332701014965,275.33949403180463,235.76870588593715
labeled-data,dog3&4,dog3&4 (61).png,302.58746109987555,258.3187475974441,332.65418338188476,259.25833266875685,324.19791774006967,282.74795945157655,318.560407312193,295.9021504499556,327.95625802532084,224.4936850301837,273.4603238891791,237.64787602856273
labeled-data,dog3&4,dog3&4 (62).png,306.3458013851267,262.07708788269525,336.41252366713593,258.3187475974441,328.8958430966336,283.68754452288937,319.49999238350574,298.720905663894,330.7750132392591,227.3124402441221,278.15824924574304,236.70829095724997
labeled-data,dog3&4,dog3&4 (63).png,308.2249715277522,261.13750281138243,330.7750132392591,257.37916252613127,329.8354281679463,279.9292042376382,320.43957745481845,298.7209056638939,333.59376845319747,223.55409995887092,278.158249245743,237.64787602856273
labeled-data,dog3&4,dog3&4 (65).png,302.58746109987555,260.1979177400696,333.5937684531975,257.37916252613127,327.9562580253208,282.74795945157655,323.25833266875685,298.7209056638939,332.65418338188476,228.25202531543488,279.09783431705586,239.52704617118832
labeled-data,dog3&4,dog3&4 (67).png,310.1041416703778,258.3187475974441,335.4729385958231,258.3187475974441,330.7750132392592,282.74795945157655,328.8958430966336,297.78132059258115,333.5937684531975,225.43327010149648,275.3394940318047,235.76870588593715
labeled-data,dog3&4,dog3&4 (69).png,397.4855533024671,238.58746109987555,417.21683980003564,236.70829095724997,424.733520370538,261.13750281138243,409.70015922953337,274.2916938097615,,,362.720905663894,217.9165895309942
labeled-data,dog3&4,dog3&4 (7).png,458.55858293779835,169.99775089404204,479.2294545066797,164.3602404661653,492.3836455050587,184.09152696373383,484.86696493455634,201.00405824736401,,,419.0960099426612,170.9373359653548
labeled-data,dog3&4,dog3&4 (70).png,400.30430851640546,239.52704617118832,422.8543502279124,236.70829095724997,424.733520370538,261.13750281138243,406.88140401559497,272.41252366713593,,,357.0833952360172,220.73534474493258
labeled-data,dog3&4,dog3&4 (73).png,379.63343694752416,239.52704617118832,400.30430851640546,239.52704617118832,395.6063831598415,259.25833266875685,383.39177723277527,270.5333535245103,,,348.62712959420213,220.73534474493255
labeled-data,dog3&4,dog3&4 (75).png,376.81468173358576,238.5874610998755,401.2438935877183,235.76870588593718,394.6667980885287,258.3187475974441,387.1501175180264,273.3521087384487,,,346.74795945157655,215.09783431705586
labeled-data,dog3&4,dog3&4 (79).png,375.875096662273,237.64787602856276,395.60638315984147,237.64787602856276,389.9688727319648,257.37916252613127,376.81468173358576,271.4729385958231,,,348.6271295942021,216.9770044596814
labeled-data,dog3&4,dog3&4 (8).png,460.43775308042393,169.99775089404204,479.22945450667964,166.23941060879088,491.4440604337459,183.15194189242106,490.50447536243314,201.00405824736401,,,424.7335203705379,165.29982553747806
labeled-data,dog3&4,dog3&4 (82).png,423.79393529922515,236.70829095724994,437.88771136891705,233.8895357433116,451.98148743860884,256.4395774548185,433.1897860123531,270.5333535245103,387.1501175180264,223.55409995887095,,
labeled-data,dog3&4,dog3&4 (9).png,513.9941021452528,182.21235682110824,,,538.4233139993853,197.24571796211285,526.208708072319,211.3394940318047,,,471.7127739361773,180.33318667848266
labeled-data,dog3&4,dog3&4 (98).png,422.8543502279124,237.64787602856276,436.0085412262914,233.8895357433116,451.0419023672961,255.4999923835057,440.70646658285534,268.65418338188476,,,389.029287660652,221.67492981624534
labeled-data,dog3&4,dog3&4 (99).png,527.1482931436318,204.76239853261515,553.45667514039,217.9165895309942,537.4837289280725,232.94995067199878,,,498.02115593293547,201.9436433186768,,
